{
	"skin-name": "modxPericles",
	"preview-bg": "#ffffff",
	"text": "#333333",
	"text-inverse": "#ffffff",
	"text-disabled": "#ff0000",
	"has-gradients": false,
	"has-radius": true,
	"has-boxshadow": false,
	"has-button-borders": true,
	"btn-text": "#545151",
	"btn-text-shadow": "#ffffff",
	"btn-bg": "#ffffff",
	"btn-bg-hlight": "#ffffff",
	"btn-border-top": "rgba(129,130,127,0.19)",
	"btn-border-right": "rgba(129,130,127,0.19)",
	"btn-border-bottom": "rgba(129,130,127,0.19)",
	"btn-border-left": "rgba(129,130,127,0.19)",
	"btn-split-border": "#ff0000",
	"btn-primary-text": "#ffffff",
	"btn-primary-text-shadow": "#333333",
	"btn-primary-bg": "#32ab9a",
	"btn-primary-bg-hlight": "#32ab9a",
	"btn-padding": "4px 10px",
	"menu-bg": "#ffffff",
	"menu-border": "rgba(0,0,0,0.2)",
	"menuitem-text": "#333333",
	"menuitem-bg-selected": "#32ab9a",
	"menuitem-bg-selected-hlight": "#32ab9a",
	"menuitem-separator-top": "#cbcbcb",
	"menuitem-separator-bottom": "#ffffff",
	"menuitem-text-inverse": "#ffffff",
	"menuitem-bg-active": "#32ab9a",
	"menuitem-text-active": "#333333",
	"menuitem-preview-border-active": "#32ab9a",
	"menubar-menubtn-text": "#333333",
	"checkbox-border": "#c5c5c5",
	"checkbox-border-focus": "#32ab9a",
	"panel-border": "#f2f2f2",
	"panel-bg": "#ffffff",
	"panel-bg-hlight": "#ffffff",
	"textbox-bg": "#ffffff",
	"textbox-border": "#c5c5c5",
	"textbox-border-focus": "#32ab9a",
	"window-bg": "#ffffff",
	"window-border": "#c4c4c4",
	"tab-bg": "#e3e3e3",
	"tab-bg-hover": "#fdfdfd",
	"tab-bg-active": "#fdfdfd",
	"tab-border": "#c5c5c5",
	"tabs-bg": "#ffffff",
	"notification-bg": "",
	"notification-border": "",
	"notification-text": "",
	"notification-success-bg": "",
	"notification-success-border": "",
	"notification-success-text": "",
	"notification-info-bg": "",
	"notification-info-border": "",
	"notification-info-text": "",
	"notification-warning-bg": "",
	"notification-warning-border": "",
	"notification-warning-text": "",
	"notification-error-bg": "",
	"notification-error-border": "",
	"notification-error-text": "",
	"progress-bar-bg": "#dfdfdf",
	"progress-bar-bg-hlight": "#cccccc",
	"progress-border": "#cccccc",
	"progress-text": "#333333",
	"progress-text-shadow": "#ffffff",
	"slider-bg": "#eeeeee",
	"slider-border": "#aaaaaa",
	"slider-handle-bg": "#dddddd",
	"slider-handle-border": "#bbbbbb",
	"colorbtn-backcolor-bg": "#bbbbbb",
	"grid-border": "#d6d6d6",
	"grid-border-active": "#a1a1a1"
}